epoch,steps,cosine_accuracy,cosine_accuracy_threshold,cosine_f1,cosine_precision,cosine_recall,cosine_f1_threshold,cosine_ap,cosine_mcc
1.0,3,0.8,0.8,0.6666666666666666,1.0,0.8333333333333333,0.6666666666666666
1.0,704,0.837,0.7945139557266603,0.7168910117238385,0.8909875876956287,0.8357005764229741,0.6625698021069432
1.0,704,0.8352,0.7957935925654194,0.7276386404293381,0.8780356179168916,0.8360732647134462,0.6649148363757016
1.0,141,0.822,0.7871581450653983,0.714902807775378,0.8756613756613757,0.8138673020094486,0.6451591942414411
